date,value,volume,open,close,name
1/2/2018,249.42,6513,249.42,249.42,SUU
1/3/2018,250.58,13375,249.42,250.58,SUU
1/4/2018,255.12,4240,250.58,255.12,SUU
1/5/2018,261.28,4035,255.12,261.28,SUU
1/8/2018,258.51,473,261.28,258.51,SUU
1/9/2018,252.46,9146,258.51,252.46,SUU
1/10/2018,255.68,5441,252.46,255.68,SUU
1/11/2018,254.25,6238,255.68,254.25,SUU
1/12/2018,251.82,11549,254.25,251.82,SUU
1/15/2018,251.18,9393,251.82,251.18,SUU
1/16/2018,250.92,1305,251.18,250.92,SUU
1/17/2018,250.62,11984,250.92,250.62,SUU
1/18/2018,251.09,22901,250.62,251.09,SUU
1/19/2018,255.12,3857,251.09,255.12,SUU
1/22/2018,257.9,1156,255.12,257.9,SUU
1/23/2018,256.29,14251,257.9,256.29,SUU
1/24/2018,259.97,12504,256.29,259.97,SUU
1/25/2018,257.5,805,259.97,257.5,SUU
1/26/2018,259.01,2194,257.5,259.01,SUU
1/29/2018,258.36,1644,259.01,258.36,SUU
1/30/2018,256.3,11102,258.36,256.3,SUU
1/31/2018,253.89,3057,256.3,253.89,SUU
2/1/2018,252.6,7940,253.89,252.6,SUU
2/2/2018,251.74,11820,252.6,251.74,SUU
2/5/2018,255.42,14226,251.74,255.42,SUU
2/6/2018,254.19,10116,255.42,254.19,SUU
2/7/2018,254.63,1680,254.19,254.63,SUU
2/8/2018,257.65,851,254.63,257.65,SUU
2/9/2018,255,627,257.65,255,SUU
2/12/2018,250.9,13798,255,250.9,SUU
2/13/2018,249.92,12066,250.9,249.92,SUU
2/14/2018,237.27,16145,249.92,237.27,SUU
2/15/2018,243.35,2730,237.27,243.35,SUU
2/19/2018,240.05,3395,243.35,240.05,SUU
2/20/2018,229.42,10787,240.05,229.42,SUU
2/21/2018,201.09,29044,229.42,201.09,SUU
2/22/2018,201.88,26889,201.09,201.88,SUU
2/23/2018,204.06,4308,201.88,204.06,SUU
2/26/2018,207.17,32986,204.06,207.17,SUU
2/27/2018,216.66,3172,207.17,216.66,SUU
2/28/2018,217.25,6356,216.66,217.25,SUU
3/1/2018,218.24,902,217.25,218.24,SUU
3/2/2018,219.89,662,218.24,219.89,SUU
3/5/2018,220,26639,219.89,220,SUU
3/6/2018,230.13,13552,220,230.13,SUU
3/7/2018,240,9236,230.13,240,SUU
3/9/2018,249.32,5190,240,249.32,SUU
3/12/2018,248,719,249.32,248,SUU
3/13/2018,240,1136,248,240,SUU
3/14/2018,244,300,240,244,SUU
3/15/2018,240.4,3140,244,240.4,SUU
3/16/2018,245,2820,240.4,245,SUU
3/19/2018,243,4052,245,243,SUU
3/20/2018,245,1277,243,245,SUU
3/21/2018,241.33,1306,245,241.33,SUU
3/22/2018,237.06,3731,241.33,237.06,SUU
3/23/2018,238,1199,237.06,238,SUU
3/26/2018,238.99,21841,238,238.99,SUU
3/27/2018,231.78,37860,238.99,231.78,SUU
3/28/2018,237,891,231.78,237,SUU
3/29/2018,233.77,1940,237,233.77,SUU
3/30/2018,230.87,7414,233.77,230.87,SUU
4/2/2018,230.72,14580,230.87,230.72,SUU
4/3/2018,223,19826,230.72,223,SUU
4/4/2018,224.05,1785,223,224.05,SUU
4/5/2018,224.54,7210,224.05,224.54,SUU
4/6/2018,230,1617,224.54,230,SUU
4/9/2018,222,6220,230,222,SUU
4/10/2018,225,15573,222,225,SUU
4/11/2018,223.54,6036,225,223.54,SUU
4/12/2018,206.37,8751,223.54,206.37,SUU
4/13/2018,220,1682,206.37,220,SUU
4/16/2018,222,5409,220,222,SUU
4/17/2018,225,440,222,225,SUU
4/18/2018,224.82,10214,225,224.82,SUU
4/19/2018,225,1671,224.82,225,SUU
4/20/2018,223,191,225,223,SUU
4/23/2018,222.51,1722,223,222.51,SUU
4/24/2018,222,2255,222.51,222,SUU
4/25/2018,222,108,222,222,SUU
4/26/2018,218,6384,222,218,SUU
4/27/2018,218,3330,218,218,SUU
4/30/2018,205.36,64942,218,205.36,SUU
5/1/2018,205.6,13298,205.36,205.6,SUU
5/2/2018,209.37,657,205.6,209.37,SUU
5/3/2018,217,3769,209.37,217,SUU
5/4/2018,218,335,217,218,SUU
5/7/2018,213,120,218,213,SUU
5/8/2018,212,13833,213,212,SUU
5/9/2018,208,1512,212,208,SUU
5/10/2018,209,210,208,209,SUU
5/11/2018,210,314,209,210,SUU
5/14/2018,202,7535,210,202,SUU
5/15/2018,204.71,27184,202,204.71,SUU
5/16/2018,201.6,23615,204.71,201.6,SUU
5/17/2018,209.67,30283,201.6,209.67,SUU
5/18/2018,210.65,23475,209.67,210.65,SUU
5/21/2018,216.04,23022,210.65,216.04,SUU
5/22/2018,218.94,27249,216.04,218.94,SUU
5/23/2018,218.61,18254,218.94,218.61,SUU
5/24/2018,204.17,1921,218.61,204.17,SUU
5/25/2018,219.81,16330,204.17,219.81,SUU
5/28/2018,225.17,22111,219.81,225.17,SUU
5/29/2018,225.15,26360,225.17,225.15,SUU
5/30/2018,223.58,10595,225.15,223.58,SUU
5/31/2018,224.39,19038,223.58,224.39,SUU
6/4/2018,219.71,31060,224.39,219.71,SUU
6/5/2018,223.89,23405,219.71,223.89,SUU
6/6/2018,222.33,3260,223.89,222.33,SUU
6/7/2018,225,1252,222.33,225,SUU
6/8/2018,222.23,3813,225,222.23,SUU
6/11/2018,225,100,222.23,225,SUU
6/12/2018,220,4206,225,220,SUU
6/13/2018,214.3,3376,220,214.3,SUU
6/14/2018,214.82,13802,214.3,214.82,SUU
6/15/2018,216.15,370,214.82,216.15,SUU
6/18/2018,214,5050,216.15,214,SUU
6/19/2018,208.16,13787,214,208.16,SUU
6/20/2018,209.2,8190,208.16,209.2,SUU
6/21/2018,215.44,7187,209.2,215.44,SUU
6/22/2018,209.97,14897,215.44,209.97,SUU
6/25/2018,214.9,506,209.97,214.9,SUU
6/26/2018,214.92,5853,214.9,214.92,SUU
6/27/2018,215.72,5355,214.92,215.72,SUU
6/28/2018,216,44600,215.72,216,SUU
6/29/2018,215,2108,216,215,SUU
7/2/2018,214.73,11200,215,214.73,SUU
7/3/2018,215,4500,214.73,215,SUU
7/4/2018,210,333,215,210,SUU
7/5/2018,213.33,13615,210,213.33,SUU
7/6/2018,216,8712,213.33,216,SUU
7/9/2018,217.74,8200,216,217.74,SUU
7/16/2018,218,8940,217.74,218,SUU
7/17/2018,215,4065,218,215,SUU
7/18/2018,216.71,8554,215,216.71,SUU
7/19/2018,217.14,8000,216.71,217.14,SUU
7/20/2018,216.63,13613,217.14,216.63,SUU
7/23/2018,216.71,5600,216.63,216.71,SUU
7/24/2018,218.37,2600,216.71,218.37,SUU
7/25/2018,218,5050,218.37,218,SUU
7/26/2018,218,18561,218,218,SUU
7/27/2018,217.19,15411,218,217.19,SUU
7/30/2018,217.13,4600,217.19,217.13,SUU
7/31/2018,216.67,2345,217.13,216.67,SUU
8/1/2018,211.86,4666,216.67,211.86,SUU
8/2/2018,214,4250,211.86,214,SUU
8/3/2018,214.8,6002,214,214.8,SUU
8/7/2018,210,485,214.8,210,SUU
8/8/2018,212,120,210,212,SUU
8/9/2018,205.97,4314,212,205.97,SUU
8/10/2018,210,766,205.97,210,SUU
8/13/2018,204.39,7864,210,204.39,SUU
8/14/2018,215,290,204.39,215,SUU
8/15/2018,218,123,215,218,SUU
8/16/2018,214.68,23189,218,214.68,SUU
8/17/2018,218.99,10206,214.68,218.99,SUU
8/20/2018,221.81,10502,218.99,221.81,SUU
8/21/2018,209.08,729,221.81,209.08,SUU
8/22/2018,208.7,23271,209.08,208.7,SUU
8/23/2018,214.63,1759,208.7,214.63,SUU
8/24/2018,217.63,3514,214.63,217.63,SUU
8/27/2018,216.5,710,217.63,216.5,SUU
8/28/2018,216,10,216.5,216,SUU
8/29/2018,208,1319,216,208,SUU
8/30/2018,212.91,9965,208,212.91,SUU
8/31/2018,214.45,5710,212.91,214.45,SUU
9/3/2018,210,1620,214.45,210,SUU
9/4/2018,210,531,210,210,SUU
9/5/2018,210,315,210,210,SUU
9/6/2018,207.72,11417,210,207.72,SUU
9/7/2018,208,2109,207.72,208,SUU
9/10/2018,207.62,9624,208,207.62,SUU
9/11/2018,212.34,17688,207.62,212.34,SUU
9/12/2018,212.67,1601,212.34,212.67,SUU
9/13/2018,208,1283,212.67,208,SUU
9/14/2018,212,9228,208,212,SUU
9/17/2018,210.33,1800,212,210.33,SUU
9/18/2018,212,1052,210.33,212,SUU
9/19/2018,214,13038,212,214,SUU
9/20/2018,211.45,24958,214,211.45,SUU
9/21/2018,208,2217,211.45,208,SUU
9/24/2018,206.49,20263,208,206.49,SUU
9/25/2018,224.95,18323,206.49,224.95,SUU
9/26/2018,218.56,13198,224.95,218.56,SUU
9/27/2018,219,2100,218.56,219,SUU
9/28/2018,223.16,6185,219,223.16,SUU
10/1/2018,225.85,13259,223.16,225.85,SUU
10/2/2018,228,5938,225.85,228,SUU
10/3/2018,228,100,228,228,SUU
10/5/2018,226.04,9960,228,226.04,SUU
10/8/2018,225,4605,226.04,225,SUU
10/9/2018,224.78,7525,225,224.78,SUU
10/10/2018,225,2913,224.78,225,SUU
10/11/2018,219.34,17002,225,219.34,SUU
10/12/2018,221.97,5099,219.34,221.97,SUU
10/15/2018,224.54,15227,221.97,224.54,SUU
10/16/2018,226.41,14680,224.54,226.41,SUU
10/17/2018,224.02,1112,226.41,224.02,SUU
10/18/2018,226.85,21962,224.02,226.85,SUU
10/19/2018,228.47,3371,226.85,228.47,SUU
10/22/2018,227.6,5529,228.47,227.6,SUU
10/23/2018,228.17,17000,227.6,228.17,SUU
10/24/2018,229,8474,228.17,229,SUU
10/25/2018,226.24,2550,229,226.24,SUU
10/26/2018,228,13750,226.24,228,SUU
10/29/2018,228.11,8081,228,228.11,SUU
10/30/2018,229.11,21136,228.11,229.11,SUU
10/31/2018,229.26,1912,229.11,229.26,SUU
11/1/2018,239,100,229.26,239,SUU
11/2/2018,237,50,239,237,SUU
11/5/2018,228,210,237,228,SUU
11/6/2018,228.6,525,228,228.6,SUU
11/7/2018,230,741,228.6,230,SUU
11/12/2018,230.11,23043,230,230.11,SUU
11/13/2018,230,239,230.11,230,SUU
11/14/2018,227,3074,230,227,SUU
11/15/2018,226.2,3095,227,226.2,SUU
11/16/2018,226.89,9110,226.2,226.89,SUU
11/17/2018,227.9,85,226.89,227.9,SUU
11/19/2018,227.9,25,227.9,227.9,SUU
11/20/2018,227.98,500,227.9,227.98,SUU
11/22/2018,227.63,3786,227.98,227.63,SUU
11/27/2018,227.66,1820,227.63,227.66,SUU
11/28/2018,228,805,227.66,228,SUU
11/29/2018,227.1,30,228,227.1,SUU
12/3/2018,225,2729,227.1,225,SUU
12/3/2018,225,2729,225,225,SUU
12/4/2018,220,688,225,220,SUU
12/5/2018,230,5551,220,230,SUU
12/6/2018,210.08,105600,230,210.08,SUU
12/7/2018,220,1,210.08,220,SUU
12/10/2018,220.79,360,220,220.79,SUU
12/11/2018,220,129773,220.79,220,SUU
12/12/2018,207.01,200,220,207.01,SUU
12/13/2018,200.36,393959,207.01,200.36,SUU
12/14/2018,210,110,200.36,210,SUU
12/17/2018,210.53,1425,210,210.53,SUU
12/18/2018,210.13,75,210.53,210.13,SUU
12/19/2018,210.08,12698,210.13,210.08,SUU
12/20/2018,210.01,6437,210.08,210.01,SUU
12/21/2018,212,161,210.01,212,SUU
12/24/2018,199.94,20614,212,199.94,SUU
12/25/2018,203,8171,199.94,203,SUU
12/26/2018,200.15,49092,203,200.15,SUU
12/27/2018,202.41,9584,200.15,202.41,SUU
12/28/2018,200.14,30330,202.41,200.14,SUU
12/31/2018,204,5431,200.14,204,SUU
1/2/2019,205,6115,204,205,SUU
1/3/2019,205,290,205,205,SUU
1/4/2019,208.82,3162,205,208.82,SUU
1/7/2019,210,461,208.82,210,SUU
1/8/2019,210,26684,210,210,SUU
1/9/2019,205,31250,210,205,SUU
1/10/2019,206.9,3975,205,206.9,SUU
1/11/2019,207.04,186500,206.9,207.04,SUU
1/14/2019,205.67,7900,207.04,205.67,SUU
1/15/2019,203.33,8556,205.67,203.33,SUU
1/16/2019,203.92,1053,203.33,203.92,SUU
1/17/2019,205.17,1986,203.92,205.17,SUU
1/21/2019,205,5000,205.17,205,SUU
1/22/2019,205.63,7276,205,205.63,SUU
1/23/2019,203,1900,205.63,203,SUU
1/24/2019,203.1,14822,203,203.1,SUU
1/25/2019,200.34,40241,203.1,200.34,SUU
1/28/2019,200.85,9959,200.34,200.85,SUU
1/29/2019,202,1507,200.85,202,SUU
1/30/2019,203,6430,202,203,SUU
1/31/2019,202.87,15250,203,202.87,SUU
2/1/2019,206.8,11059,202.87,206.8,SUU
2/2/2019,210,10359,206.8,210,SUU
2/12/2019,207.19,1802,210,207.19,SUU
2/13/2019,207,10000,207.19,207,SUU
2/14/2019,207,3440,207,207,SUU
2/15/2019,210,14135,207,210,SUU
2/18/2019,214.44,6100,210,214.44,SUU
2/19/2019,214,18646,214.44,214,SUU
2/20/2019,214.68,6644,214,214.68,SUU
2/21/2019,210.5,7039,214.68,210.5,SUU
2/22/2019,214.99,1508,210.5,214.99,SUU
2/25/2019,215,152,214.99,215,SUU
2/26/2019,209.16,4303,215,209.16,SUU
2/27/2019,213,8918,209.16,213,SUU
2/28/2019,208.66,3588,213,208.66,SUU
3/1/2019,210,590,208.66,210,SUU
3/4/2019,210,780,210,210,SUU
3/5/2019,210.99,1149,210,210.99,SUU
3/6/2019,209,890,210.99,209,SUU
3/7/2019,214.32,7825,209,214.32,SUU
3/11/2019,216.6,6040,214.32,216.6,SUU
3/12/2019,216,3052,216.6,216,SUU
3/13/2019,208,1,216,208,SUU
3/14/2019,215.89,1118,208,215.89,SUU
3/15/2019,210,1883,215.89,210,SUU
3/18/2019,210,1240,210,210,SUU
3/19/2019,215,8243,210,215,SUU
3/20/2019,214.99,962,215,214.99,SUU
3/21/2019,213,1100,214.99,213,SUU
3/22/2019,212,813,213,212,SUU
3/25/2019,213.9,248,212,213.9,SUU
3/26/2019,213,60,213.9,213,SUU
3/27/2019,212.76,6732,213,212.76,SUU
3/28/2019,210,35,212.76,210,SUU
3/29/2019,212.26,1632,210,212.26,SUU
4/1/2019,207.56,1999,212.26,207.56,SUU
4/2/2019,210.76,57,207.56,210.76,SUU
4/3/2019,207,2755,210.76,207,SUU
4/4/2019,210,3259,207,210,SUU
4/5/2019,209.07,1394,210,209.07,SUU
4/8/2019,211,111,209.07,211,SUU
4/9/2019,211,1321,211,211,SUU
4/10/2019,210,23,211,210,SUU
4/11/2019,207.1,2949,210,207.1,SUU
4/12/2019,206.67,6491,207.1,206.67,SUU
4/15/2019,208.37,7129,206.67,208.37,SUU
4/16/2019,202.33,1060,208.37,202.33,SUU
4/17/2019,207.35,573,202.33,207.35,SUU
4/18/2019,211.34,29377,207.35,211.34,SUU
4/19/2019,205.1,25,211.34,205.1,SUU
4/22/2019,211.32,6564,205.1,211.32,SUU
4/23/2019,202.9,697,211.32,202.9,SUU
4/24/2019,211.8,4020,202.9,211.8,SUU
4/25/2019,209.99,460,211.8,209.99,SUU
4/26/2019,211.68,2350,209.99,211.68,SUU
4/29/2019,209.98,1460,211.68,209.98,SUU
4/30/2019,210.9,100,209.98,210.9,SUU
5/1/2019,210.34,574,210.9,210.34,SUU
5/2/2019,210.26,183,210.34,210.26,SUU
5/3/2019,206.84,5962,210.26,206.84,SUU
5/6/2019,201.86,6687,206.84,201.86,SUU
5/7/2019,204.11,450,201.86,204.11,SUU
5/8/2019,205,8925,204.11,205,SUU
5/9/2019,201.59,2962,205,201.59,SUU
5/10/2019,204,3106,201.59,204,SUU
5/13/2019,204,337,204,204,SUU
5/14/2019,205.07,6005,204,205.07,SUU
5/15/2019,200.4,635,205.07,200.4,SUU
5/16/2019,203,2665,200.4,203,SUU
5/17/2019,202,12426,203,202,SUU
5/20/2019,203,5299,202,203,SUU
5/21/2019,201,6959,203,201,SUU
5/22/2019,202,1665,201,202,SUU
5/23/2019,203,3347,202,203,SUU
5/24/2019,199.4,6860,203,199.4,SUU
5/27/2019,195,600,199.4,195,SUU
5/28/2019,197.6,14452,195,197.6,SUU
5/29/2019,199.1,4389,197.6,199.1,SUU
5/30/2019,196,2309,199.1,196,SUU
5/31/2019,199.1,100,196,199.1,SUU
6/3/2019,199.15,339,199.1,199.15,SUU
6/4/2019,198.18,2649,199.15,198.18,SUU
6/5/2019,195,4067,198.18,195,SUU
6/6/2019,195,521,195,195,SUU
6/7/2019,195.99,4622,195,195.99,SUU
6/10/2019,193.03,1536,195.99,193.03,SUU
6/11/2019,195,102,193.03,195,SUU
6/12/2019,195,7551,195,195,SUU
6/13/2019,195,7482,195,195,SUU
6/14/2019,195,968,195,195,SUU
6/18/2019,195,6338,195,195,SUU
6/19/2019,195,150,195,195,SUU
6/20/2019,188.47,6500,195,188.47,SUU
6/21/2019,195,4,188.47,195,SUU
6/24/2019,190.03,8576,195,190.03,SUU
6/25/2019,190,2307,190.03,190,SUU
6/26/2019,194,883,190,194,SUU
6/27/2019,190.01,1256,194,190.01,SUU
6/28/2019,188.83,13462,190.01,188.83,SUU
7/1/2019,183.2,150,188.83,183.2,SUU
7/2/2019,188.02,20770,183.2,188.02,SUU
7/4/2019,188.03,9085,188.02,188.03,SUU
7/5/2019,199.72,45862,188.03,199.72,SUU
7/8/2019,200,10515,199.72,200,SUU
7/9/2019,199.99,345,200,199.99,SUU
7/10/2019,199.99,765,199.99,199.99,SUU
7/16/2019,195,141,199.99,195,SUU
7/17/2019,195,597,195,195,SUU
7/18/2019,199,435,195,199,SUU
7/19/2019,190.68,6994,199,190.68,SUU
7/22/2019,200,29220,190.68,200,SUU
7/23/2019,193.06,8896,200,193.06,SUU
7/24/2019,200.18,18445,193.06,200.18,SUU
7/25/2019,195,260,200.18,195,SUU
7/26/2019,203.14,8281,195,203.14,SUU
7/29/2019,196.32,27252,203.14,196.32,SUU
7/30/2019,205,3800,196.32,205,SUU
7/31/2019,205,100,205,205,SUU
8/2/2019,202.87,42708,205,202.87,SUU
8/5/2019,202,1110,202.87,202,SUU
8/6/2019,195.33,4696,202,195.33,SUU
8/7/2019,202,10501,195.33,202,SUU
8/8/2019,200,1141,202,200,SUU
8/9/2019,196.5,1007,200,196.5,SUU
8/12/2019,194,14442,196.5,194,SUU
8/13/2019,193.02,805,194,193.02,SUU
8/14/2019,200,2,193.02,200,SUU
8/15/2019,200,228,200,200,SUU
8/16/2019,200,2,200,200,SUU
8/19/2019,195.47,850,200,195.47,SUU
8/20/2019,199,1220,195.47,199,SUU
8/21/2019,197,70,199,197,SUU
8/22/2019,197,6930,197,197,SUU
8/23/2019,195.14,550,197,195.14,SUU
8/26/2019,185.75,28000,195.14,185.75,SUU
8/27/2019,199,607,185.75,199,SUU
8/29/2019,198.9,693,199,198.9,SUU
8/30/2019,190.26,520,198.9,190.26,SUU
9/2/2019,198,1,190.26,198,SUU
9/5/2019,190,9965,198,190,SUU
9/7/2019,195,1,190,195,SUU
9/7/2019,195,1,195,195,SUU
9/10/2019,183.37,2060,195,183.37,SUU
9/11/2019,186,2600,183.37,186,SUU
9/12/2019,178.13,5100,186,178.13,SUU
9/13/2019,197.74,291,178.13,197.74,SUU
9/17/2019,194.5,406,197.74,194.5,SUU
9/18/2019,194.98,500,194.5,194.98,SUU
9/19/2019,194.88,36,194.98,194.88,SUU
9/20/2019,181.56,3890,194.88,181.56,SUU
9/25/2019,180.36,3200,181.56,180.36,SUU
9/26/2019,179,1355,180.36,179,SUU
9/27/2019,179,2667,179,179,SUU
9/30/2019,198.51,23603,179,198.51,SUU
10/1/2019,200.24,7249,198.51,200.24,SUU
10/2/2019,201.94,13894,200.24,201.94,SUU
10/3/2019,199,10,201.94,199,SUU
10/4/2019,198.73,4771,199,198.73,SUU
10/7/2019,198.98,6070,198.73,198.98,SUU
10/8/2019,198,32,198.98,198,SUU
10/9/2019,195,589,198,195,SUU
10/10/2019,189,498,195,189,SUU
10/11/2019,189,924,189,189,SUU
10/14/2019,182,8644,189,182,SUU
10/15/2019,193.5,2610,182,193.5,SUU
10/16/2019,192,300,193.5,192,SUU
10/17/2019,189.22,193,192,189.22,SUU
10/18/2019,190,160,189.22,190,SUU
10/21/2019,180.5,2362,190,180.5,SUU
10/22/2019,181.33,551,180.5,181.33,SUU
10/23/2019,189,450,181.33,189,SUU
10/24/2019,189,200,189,189,SUU
10/25/2019,188,70,189,188,SUU
10/28/2019,187.95,13918,188,187.95,SUU
10/29/2019,179.89,14456,187.95,179.89,SUU
10/30/2019,181.73,15600,179.89,181.73,SUU
10/31/2019,180.14,23943,181.73,180.14,SUU
11/1/2019,187.8,5104,180.14,187.8,SUU
11/4/2019,192.55,28500,187.8,192.55,SUU
11/5/2019,192.5,530,192.55,192.5,SUU
11/6/2019,190.04,1795,192.5,190.04,SUU
11/7/2019,201.61,17996,190.04,201.61,SUU
11/8/2019,203.94,1003,201.61,203.94,SUU
11/11/2019,198.28,33994,203.94,198.28,SUU
11/12/2019,200,59200,198.28,200,SUU
11/13/2019,204.06,20720,200,204.06,SUU
11/14/2019,205.01,1002,204.06,205.01,SUU
11/15/2019,207.99,9586,205.01,207.99,SUU
11/18/2019,213.3,25684,207.99,213.3,SUU
11/19/2019,199.42,94,213.3,199.42,SUU
11/20/2019,198.1,405,199.42,198.1,SUU
11/21/2019,200.1,10502,198.1,200.1,SUU
11/22/2019,202.1,26173,200.1,202.1,SUU
11/25/2019,202.15,8000,202.1,202.15,SUU
11/28/2019,200.98,4515,202.15,200.98,SUU
11/29/2019,200.61,306924,200.98,200.61,SUU
12/2/2019,203,3129,200.61,203,SUU
12/3/2019,213.37,22862,203,213.37,SUU
12/4/2019,213.18,550,213.37,213.18,SUU
12/5/2019,212,16,213.18,212,SUU
12/6/2019,205.39,1296,212,205.39,SUU
12/9/2019,210,1588,205.39,210,SUU
12/11/2019,206,31078,210,206,SUU
12/12/2019,218,47782,206,218,SUU
12/13/2019,217,25,218,217,SUU
12/16/2019,215,52677,217,215,SUU
12/17/2019,217.9,32801,215,217.9,SUU
12/18/2019,216.9,511,217.9,216.9,SUU
12/19/2019,213.98,11164,216.9,213.98,SUU
12/23/2019,214,502,213.98,214,SUU
12/24/2019,212.5,699,214,212.5,SUU
12/25/2019,212.79,225,212.5,212.79,SUU
12/26/2019,213.33,150,212.79,213.33,SUU
12/27/2019,212,1021,213.33,212,SUU
12/30/2019,210.08,27060,212,210.08,SUU
12/31/2019,209.31,3788,210.08,209.31,SUU
1/2/2020,206.89,235,209.31,206.89,SUU
1/3/2020,207.17,1036,206.89,207.17,SUU
1/6/2020,212.5,735,207.17,212.5,SUU
1/7/2020,206.65,2651,212.5,206.65,SUU
1/8/2020,206.7,3418,206.65,206.7,SUU
1/9/2020,206,572,206.7,206,SUU
1/10/2020,210,1562,206,210,SUU
1/13/2020,210.5,4210,210,210.5,SUU
1/14/2020,211.5,4,210.5,211.5,SUU
1/16/2020,206.49,3299,211.5,206.49,SUU
1/17/2020,203.47,2328,206.49,203.47,SUU
1/20/2020,206,6509,203.47,206,SUU
1/21/2020,207.59,19606,206,207.59,SUU
1/22/2020,206,70,207.59,206,SUU
1/23/2020,208,10,206,208,SUU
1/24/2020,205.12,5200,208,205.12,SUU
1/27/2020,210,1,205.12,210,SUU
1/28/2020,206,985,210,206,SUU
1/29/2020,207,1977,206,207,SUU
1/30/2020,207,23,207,207,SUU
1/31/2020,207,610,207,207,SUU
2/3/2020,206,1310,207,206,SUU
2/4/2020,205.97,1948,206,205.97,SUU
2/5/2020,206,1,205.97,206,SUU
2/6/2020,206,4212,206,206,SUU
2/7/2020,206,45,206,206,SUU
2/10/2020,205.55,1962,206,205.55,SUU
2/11/2020,209,600,205.55,209,SUU
2/12/2020,209,1309,209,209,SUU
2/13/2020,205.08,10460,209,205.08,SUU
2/14/2020,209,208,205.08,209,SUU
2/17/2020,205.03,626,209,205.03,SUU
2/18/2020,205,11464,205.03,205,SUU
2/19/2020,205.03,10080,205,205.03,SUU
2/21/2020,209,111,205.03,209,SUU
2/27/2020,208.59,979,209,208.59,SUU
3/2/2020,211.21,1001,208.59,211.21,SUU
3/3/2020,213.9,230,211.21,213.9,SUU
3/4/2020,213.16,1962,213.9,213.16,SUU
3/5/2020,212.59,71,213.16,212.59,SUU
3/6/2020,213,10521,212.59,213,SUU
3/9/2020,213,915,213,213,SUU
3/10/2020,208.96,6588,213,208.96,SUU
3/11/2020,205,514,208.96,205,SUU
3/12/2020,209.88,222,205,209.88,SUU
3/13/2020,208,22,209.88,208,SUU
3/16/2020,208,5011,208,208,SUU
3/17/2020,205.72,810,208,205.72,SUU
3/18/2020,205,3806,205.72,205,SUU
3/19/2020,202.82,1223,205,202.82,SUU
3/20/2020,204.14,3223,202.82,204.14,SUU
3/23/2020,203,1024,204.14,203,SUU
3/24/2020,191.4,17985,203,191.4,SUU
3/25/2020,188.89,777,191.4,188.89,SUU
3/26/2020,190.08,801,188.89,190.08,SUU
3/27/2020,188.98,812,190.08,188.98,SUU
3/30/2020,185,16668,188.98,185,SUU
3/31/2020,181.6,358,185,181.6,SUU
4/1/2020,188.96,126,181.6,188.96,SUU
4/6/2020,186,5,188.96,186,SUU
4/7/2020,188.96,10,186,188.96,SUU
4/8/2020,188.13,7,188.96,188.13,SUU
4/9/2020,186,115,188.13,186,SUU
4/10/2020,190.39,575,186,190.39,SUU
4/13/2020,191.4,2546,190.39,191.4,SUU
4/14/2020,191.4,6030,191.4,191.4,SUU
4/15/2020,191.4,320,191.4,191.4,SUU
4/16/2020,191.4,512,191.4,191.4,SUU
4/17/2020,191.4,1086,191.4,191.4,SUU
4/20/2020,191.4,1000,191.4,191.4,SUU
4/21/2020,195,1523,191.4,195,SUU
4/22/2020,200.11,6251,195,200.11,SUU
4/23/2020,204.16,2757,200.11,204.16,SUU
4/27/2020,204.95,100,204.16,204.95,SUU
4/28/2020,212.5,147,204.95,212.5,SUU
4/29/2020,210.34,1152,212.5,210.34,SUU
4/30/2020,212,45,210.34,212,SUU
5/4/2020,205,1103,212,205,SUU
5/5/2020,210,1117,205,210,SUU
5/6/2020,210,31,210,210,SUU
5/7/2020,209,242,210,209,SUU
5/8/2020,208.73,884,209,208.73,SUU
5/11/2020,207.86,265,208.73,207.86,SUU
5/12/2020,205,131,207.86,205,SUU
5/18/2020,205.77,390,205,205.77,SUU
5/19/2020,207,11,205.77,207,SUU
5/20/2020,207,2330,207,207,SUU
5/21/2020,207.04,2333,207,207.04,SUU
5/22/2020,205,212,207.04,205,SUU
5/25/2020,202.5,584,205,202.5,SUU
5/26/2020,200.18,1058,202.5,200.18,SUU
5/27/2020,203,246,200.18,203,SUU
5/28/2020,202,176,203,202,SUU
5/29/2020,199.73,758,202,199.73,SUU
6/2/2020,202,1813,199.73,202,SUU
6/3/2020,203,53,202,203,SUU
6/4/2020,202,4656,203,202,SUU
6/8/2020,201,88,202,201,SUU
6/9/2020,200.32,2001,201,200.32,SUU
6/10/2020,200,470,200.32,200,SUU
6/11/2020,197.43,777,200,197.43,SUU
6/12/2020,205.47,12158,197.43,205.47,SUU
6/15/2020,196.01,3300,205.47,196.01,SUU
6/16/2020,200,186,196.01,200,SUU
6/17/2020,200,682,200,200,SUU
6/18/2020,195,1629,200,195,SUU
6/19/2020,199,196,195,199,SUU
6/22/2020,199,804,199,199,SUU
6/23/2020,199,400,199,199,SUU
6/25/2020,195.25,6051,199,195.25,SUU
6/26/2020,194.34,431,195.25,194.34,SUU
6/29/2020,200,10406,194.34,200,SUU
6/30/2020,186.87,707,200,186.87,SUU
7/1/2020,194.52,1407,186.87,194.52,SUU
7/2/2020,198,1800,194.52,198,SUU
7/3/2020,200,7066,198,200,SUU
7/6/2020,199.14,26328,200,199.14,SUU
7/7/2020,205.79,41583,199.14,205.79,SUU
7/8/2020,207,939,205.79,207,SUU
7/9/2020,206.45,2244,207,206.45,SUU
7/10/2020,204.9,5252,206.45,204.9,SUU
7/16/2020,205.4,14386,204.9,205.4,SUU
7/17/2020,205.9,2866,205.4,205.9,SUU
7/20/2020,204.24,29005,205.9,204.24,SUU
7/21/2020,205.68,3770,204.24,205.68,SUU
7/22/2020,207,3790,205.68,207,SUU
7/23/2020,207,2956,207,207,SUU
7/24/2020,205.45,13009,207,205.45,SUU
7/27/2020,207,456,205.45,207,SUU
7/28/2020,206.2,7288,207,206.2,SUU
7/29/2020,207,6126,206.2,207,SUU
7/30/2020,207,167,207,207,SUU
7/31/2020,207,2599,207,207,SUU
8/3/2020,207,1630,207,207,SUU
8/4/2020,202.89,8057,207,202.89,SUU
8/5/2020,204,1247,202.89,204,SUU
8/6/2020,200.05,20057,204,200.05,SUU
8/7/2020,204,1617,200.05,204,SUU
8/10/2020,204,2079,204,204,SUU
8/11/2020,200,1121,204,200,SUU
8/12/2020,201.05,621,200,201.05,SUU
8/13/2020,200.23,2778,201.05,200.23,SUU
8/14/2020,200,3034,200.23,200,SUU
8/17/2020,199,11079,200,199,SUU
8/18/2020,199.88,6261,199,199.88,SUU
8/19/2020,195.02,10148,199.88,195.02,SUU
8/20/2020,198,12666,195.02,198,SUU
8/21/2020,200.01,27476,198,200.01,SUU
8/24/2020,200,2108,200.01,200,SUU
8/25/2020,199,1367,200,199,SUU
8/26/2020,200,12710,199,200,SUU
8/27/2020,199.91,5540,200,199.91,SUU
8/28/2020,198,375,199.91,198,SUU
8/31/2020,199.42,2343,198,199.42,SUU
9/1/2020,201.5,15555,199.42,201.5,SUU
9/2/2020,200.5,5031,201.5,200.5,SUU
9/3/2020,200,2487,200.5,200,SUU
9/4/2020,199.34,1276,200,199.34,SUU
9/7/2020,198.79,2423,199.34,198.79,SUU
9/8/2020,200.01,2402,198.79,200.01,SUU
9/9/2020,205,1493,200.01,205,SUU
9/10/2020,204.01,1091,205,204.01,SUU
9/11/2020,208.17,5696,204.01,208.17,SUU
9/14/2020,209,550,208.17,209,SUU
9/15/2020,205,5003,209,205,SUU
9/16/2020,205.09,3296,205,205.09,SUU
9/17/2020,210,3745,205.09,210,SUU
9/18/2020,209.99,1587,210,209.99,SUU
9/21/2020,209,513,209.99,209,SUU
9/22/2020,210,1318,209,210,SUU
9/23/2020,210,206,210,210,SUU
9/24/2020,210.7,3612,210,210.7,SUU
9/25/2020,208,1606,210.7,208,SUU
9/28/2020,210,9657,208,210,SUU
9/29/2020,210,158,210,210,SUU
9/30/2020,209.84,1213,210,209.84,SUU
10/1/2020,210,1069,209.84,210,SUU
10/2/2020,210.02,5116,210,210.02,SUU
10/5/2020,206.45,5057,210.02,206.45,SUU
10/6/2020,210,679,206.45,210,SUU
10/7/2020,209.12,2062,210,209.12,SUU
10/8/2020,207.41,529,209.12,207.41,SUU
10/9/2020,213.83,4823,207.41,213.83,SUU
10/12/2020,209,1937,213.83,209,SUU
10/13/2020,209.97,1215,209,209.97,SUU
10/14/2020,210,640,209.97,210,SUU
10/16/2020,213.17,46014,210,213.17,SUU
10/19/2020,213.47,10310,213.17,213.47,SUU
10/20/2020,210.02,320,213.47,210.02,SUU
10/21/2020,215,7373,210.02,215,SUU
10/22/2020,214.44,368,215,214.44,SUU
10/26/2020,210.27,2010,214.44,210.27,SUU
10/27/2020,209.53,1486,210.27,209.53,SUU
10/28/2020,203.4,3680,209.53,203.4,SUU
10/29/2020,205,28,203.4,205,SUU
10/30/2020,205,448,205,205,SUU
11/2/2020,205,174,205,205,SUU
11/3/2020,204.18,1747,205,204.18,SUU
11/4/2020,205.24,1615,204.18,205.24,SUU
11/5/2020,205,8692,205.24,205,SUU
11/6/2020,209.3,55941,205,209.3,SUU
11/9/2020,204,617,209.3,204,SUU
11/10/2020,205,262,204,205,SUU
11/11/2020,204.05,2263,205,204.05,SUU
11/12/2020,205,2789,204.05,205,SUU
11/13/2020,205,8986,205,205,SUU
11/17/2020,205,47,205,205,SUU
11/18/2020,205,361,205,205,SUU
11/19/2020,205,116,205,205,SUU
11/20/2020,205,1385,205,205,SUU
11/23/2020,205,1171,205,205,SUU
11/24/2020,205,1926,205,205,SUU
11/25/2020,205,4097,205,205,SUU
11/27/2020,205,340,205,205,SUU
11/30/2020,204.66,2019,205,204.66,SUU
12/1/2020,204.95,486,204.66,204.95,SUU
12/2/2020,203.14,7200,204.95,203.14,SUU
12/3/2020,203.95,354,203.14,203.95,SUU
12/4/2020,205,1154,203.95,205,SUU
12/7/2020,205,1370,205,205,SUU
12/8/2020,205,3566,205,205,SUU
12/9/2020,205,1568,205,205,SUU
12/10/2020,206.99,1119,205,206.99,SUU
12/11/2020,205,339,206.99,205,SUU
12/14/2020,205,2597,205,205,SUU
12/15/2020,204.93,2361,205,204.93,SUU
12/16/2020,204,2766,204.93,204,SUU
12/17/2020,204.09,5559,204,204.09,SUU
12/18/2020,204.07,2221,204.09,204.07,SUU
12/21/2020,204.04,10975,204.07,204.04,SUU
12/22/2020,204.5,800,204.04,204.5,SUU
12/23/2020,204.5,1720,204.5,204.5,SUU
12/24/2020,205.24,7047,204.5,205.24,SUU
12/25/2020,205,2179,205.24,205,SUU
12/28/2020,204.13,7219,205,204.13,SUU
12/30/2020,205,3575,204.13,205,SUU
12/31/2020,205,14295,205,205,SUU
1/4/2021,205.01,20459,205,205.01,SUU
1/5/2021,204.61,2553,205.01,204.61,SUU
1/6/2021,204.98,2509,204.61,204.98,SUU
1/7/2021,204,10795,204.98,204,SUU
1/8/2021,205,1234,204,205,SUU
1/11/2021,208.36,2451,205,208.36,SUU
1/12/2021,208.67,1920,208.36,208.67,SUU
1/13/2021,204.97,1977,208.67,204.97,SUU
1/14/2021,205.01,3650,204.97,205.01,SUU
1/15/2021,205,2009,205.01,205,SUU
1/18/2021,206,1060,205,206,SUU
1/19/2021,206,1331,206,206,SUU
1/20/2021,206.87,140,206,206.87,SUU
1/21/2021,206.54,4345,206.87,206.54,SUU
1/22/2021,200.06,13071,206.54,200.06,SUU
1/25/2021,203.02,7247,200.06,203.02,SUU
1/26/2021,202.2,5228,203.02,202.2,SUU
1/27/2021,203.99,2932,202.2,203.99,SUU
1/28/2021,203.5,3773,203.99,203.5,SUU
1/29/2021,202.88,11891,203.5,202.88,SUU
2/1/2021,204,4991,202.88,204,SUU
2/2/2021,203.94,6347,204,203.94,SUU
2/3/2021,204,5733,203.94,204,SUU
2/4/2021,204,5039,204,204,SUU
2/5/2021,202.79,4353,204,202.79,SUU
2/8/2021,203.78,23718,202.79,203.78,SUU
2/9/2021,203.88,6080,203.78,203.88,SUU
2/10/2021,212.35,195479,203.88,212.35,SUU
2/11/2021,209.75,14587,212.35,209.75,SUU
2/15/2021,203.88,7423,209.75,203.88,SUU
2/16/2021,207,3596,203.88,207,SUU
2/17/2021,206,8832,207,206,SUU
2/18/2021,207.61,117496,206,207.61,SUU
2/19/2021,209.76,23553,207.61,209.76,SUU
2/22/2021,209.09,12600,209.76,209.09,SUU
2/23/2021,215,12928,209.09,215,SUU
2/24/2021,209.38,30639,215,209.38,SUU
2/25/2021,209.46,71220,209.38,209.46,SUU
2/26/2021,216,8591,209.46,216,SUU
3/1/2021,205.82,53213,216,205.82,SUU
3/2/2021,206.6,13112,205.82,206.6,SUU
3/3/2021,209.26,6408,206.6,209.26,SUU
3/4/2021,209.24,17154,209.26,209.24,SUU
3/5/2021,206.03,9731,209.24,206.03,SUU
3/9/2021,207.51,19007,206.03,207.51,SUU
3/10/2021,206.9,33101,207.51,206.9,SUU
3/11/2021,208.8,54074,206.9,208.8,SUU
3/12/2021,213.07,51894,208.8,213.07,SUU
3/15/2021,212.59,30033,213.07,212.59,SUU
3/16/2021,208.79,41849,212.59,208.79,SUU
3/17/2021,206.38,69604,208.79,206.38,SUU
3/18/2021,212.2,6650,206.38,212.2,SUU
3/19/2021,212.59,7628,212.2,212.59,SUU
3/22/2021,212.4,6656,212.59,212.4,SUU
3/23/2021,211.84,10757,212.4,211.84,SUU
3/24/2021,211.72,6495,211.84,211.72,SUU
3/25/2021,211.81,19534,211.72,211.81,SUU
3/26/2021,211.65,4600,211.81,211.65,SUU
3/29/2021,208.87,9888,211.65,208.87,SUU
3/30/2021,213,13492,208.87,213,SUU
3/31/2021,212.82,8735,213,212.82,SUU
4/1/2021,212.21,4401,212.82,212.21,SUU
4/2/2021,211.64,58715,212.21,211.64,SUU
4/5/2021,215,37306,211.64,215,SUU
4/6/2021,212.64,9636,215,212.64,SUU
4/7/2021,212.23,2679,212.64,212.23,SUU
4/7/2021,212.23,2679,212.23,212.23,SUU
4/8/2021,212,22619,212.23,212,SUU
4/9/2021,212.12,20202,212,212.12,SUU
4/12/2021,213.21,7673,212.12,213.21,SUU
4/13/2021,213,11458,213.21,213,SUU
4/14/2021,212.89,4904,213,212.89,SUU
4/15/2021,214,10914,212.89,214,SUU
4/16/2021,214.48,14324,214,214.48,SUU
4/19/2021,212.85,19666,214.48,212.85,SUU
4/20/2021,209.89,34817,212.85,209.89,SUU
4/21/2021,212.69,4165,209.89,212.69,SUU
4/22/2021,211.67,9300,212.69,211.67,SUU
4/23/2021,212.18,5675,211.67,212.18,SUU
4/26/2021,209.78,25305,212.18,209.78,SUU
4/27/2021,209.01,20370,209.78,209.01,SUU
4/28/2021,208.28,8959,209.01,208.28,SUU
4/29/2021,206.78,25161,208.28,206.78,SUU
4/30/2021,207.51,5940,206.78,207.51,SUU
5/3/2021,208,11215,207.51,208,SUU
5/4/2021,208.6,42762,208,208.6,SUU
5/5/2021,208.08,8368,208.6,208.08,SUU
5/6/2021,208.05,18430,208.08,208.05,SUU
5/7/2021,208.59,3486,208.05,208.59,SUU
5/10/2021,213.2,3394,208.59,213.2,SUU
5/11/2021,210.3,43975,213.2,210.3,SUU
5/12/2021,209.5,6717,210.3,209.5,SUU
5/13/2021,210.33,27450,209.5,210.33,SUU
5/14/2021,210.28,4603,210.33,210.28,SUU
5/17/2021,213,1271,210.28,213,SUU
5/18/2021,209.49,30022,213,209.49,SUU
5/19/2021,214,1506,209.49,214,SUU
5/20/2021,209.98,33960,214,209.98,SUU
5/21/2021,209.08,27684,209.98,209.08,SUU
5/24/2021,208.13,31141,209.08,208.13,SUU
5/25/2021,207,7296,208.13,207,SUU
5/27/2021,207,5808,207,207,SUU
5/28/2021,206.63,23891,207,206.63,SUU
5/31/2021,207,12736,206.63,207,SUU
6/2/2021,209.23,2705,207,209.23,SUU
6/3/2021,207.03,10546,209.23,207.03,SUU
6/4/2021,209.33,1741,207.03,209.33,SUU
6/7/2021,211.95,5674,209.33,211.95,SUU
6/8/2021,212.01,3355,211.95,212.01,SUU
6/10/2021,212.99,2155,212.01,212.99,SUU
6/11/2021,212.1,24650,212.99,212.1,SUU
6/14/2021,212.88,14141,212.1,212.88,SUU
6/15/2021,213.5,2209,212.88,213.5,SUU
6/16/2021,213.88,1728,213.5,213.88,SUU
6/17/2021,213,1902,213.88,213,SUU
6/18/2021,214.89,1312,213,214.89,SUU
6/21/2021,213.19,3136,214.89,213.19,SUU
6/22/2021,214.45,10361,213.19,214.45,SUU
6/23/2021,215,678,214.45,215,SUU
6/24/2021,215,11827,215,215,SUU
6/25/2021,220.19,19298,215,220.19,SUU
6/28/2021,236.21,6044,220.19,236.21,SUU
6/29/2021,237.94,7585,236.21,237.94,SUU
6/30/2021,238.98,2397,237.94,238.98,SUU
7/1/2021,238.07,12725,238.98,238.07,SUU
7/2/2021,239,4951,238.07,239,SUU
7/5/2021,233.37,11983,239,233.37,SUU
7/6/2021,235,30,233.37,235,SUU
7/7/2021,235,6060,235,235,SUU
7/8/2021,230,26792,235,230,SUU
7/9/2021,222.43,16804,230,222.43,SUU
7/19/2021,224.76,15792,222.43,224.76,SUU
7/20/2021,227.88,3616,224.76,227.88,SUU
7/21/2021,221.93,3673,227.88,221.93,SUU
7/22/2021,235.27,24101,221.93,235.27,SUU
7/23/2021,233.63,3024,235.27,233.63,SUU
7/24/2021,236,2194,233.63,236,SUU
7/26/2021,238.57,19004,236,238.57,SUU
7/27/2021,240,12690,238.57,240,SUU
7/28/2021,240.5,4743,240,240.5,SUU
7/29/2021,241,4237,240.5,241,SUU
7/30/2021,245,5957,241,245,SUU
8/2/2021,246.35,7384,245,246.35,SUU
8/3/2021,245.82,25400,246.35,245.82,SUU
8/4/2021,279.15,5801,245.82,279.15,SUU
8/5/2021,294.01,26849,279.15,294.01,SUU
8/6/2021,288.69,21185,294.01,288.69,SUU
8/9/2021,264.99,10897,288.69,264.99,SUU
8/10/2021,290.01,6652,264.99,290.01,SUU
8/11/2021,283.86,15874,290.01,283.86,SUU
8/12/2021,279.84,22194,283.86,279.84,SUU
8/13/2021,278.12,13704,279.84,278.12,SUU
8/16/2021,276.93,8403,278.12,276.93,SUU
8/17/2021,275,9464,276.93,275,SUU
8/18/2021,267.34,3738,275,267.34,SUU
8/19/2021,263.57,3813,267.34,263.57,SUU
8/20/2021,255.6,5982,263.57,255.6,SUU
8/23/2021,255.12,5721,255.6,255.12,SUU
8/24/2021,269.41,39820,255.12,269.41,SUU
8/25/2021,277.33,10409,269.41,277.33,SUU
8/26/2021,288.15,12026,277.33,288.15,SUU
8/27/2021,294.16,11546,288.15,294.16,SUU
8/30/2021,294.77,14770,294.16,294.77,SUU
8/31/2021,300.7,58054,294.77,300.7,SUU
9/1/2021,301.12,58040,300.7,301.12,SUU
9/2/2021,325.88,48950,301.12,325.88,SUU
9/3/2021,325.51,31728,325.88,325.51,SUU
9/6/2021,324.21,66516,325.51,324.21,SUU
9/7/2021,355.93,25028,324.21,355.93,SUU
9/8/2021,363.89,32106,355.93,363.89,SUU
9/9/2021,404.83,59454,363.89,404.83,SUU
9/10/2021,415.64,52581,404.83,415.64,SUU
9/13/2021,409.62,79534,415.64,409.62,SUU
9/14/2021,409.99,57791,409.62,409.99,SUU
9/15/2021,410.78,23545,409.99,410.78,SUU
9/16/2021,408.89,11721,410.78,408.89,SUU
9/17/2021,408.6,24662,408.89,408.6,SUU
9/20/2021,409.25,8400,408.6,409.25,SUU
9/21/2021,410.63,19720,409.25,410.63,SUU
9/22/2021,416.55,13686,410.63,416.55,SUU
9/23/2021,419.95,10517,416.55,419.95,SUU
9/24/2021,420,11223,419.95,420,SUU
9/27/2021,418.5,21516,420,418.5,SUU
9/28/2021,415.48,9838,418.5,415.48,SUU
9/29/2021,418.19,7387,415.48,418.19,SUU
9/30/2021,416.93,24566,418.19,416.93,SUU
10/1/2021,417,1605,416.93,417,SUU
10/4/2021,410,39566,417,410,SUU
10/5/2021,383.8,19134,410,383.8,SUU
10/6/2021,368.03,11935,383.8,368.03,SUU
10/7/2021,381,4867,368.03,381,SUU
10/8/2021,400.58,5461,381,400.58,SUU
10/11/2021,390.52,7216,400.58,390.52,SUU
10/12/2021,400,24624,390.52,400,SUU
10/13/2021,393.42,6325,400,393.42,SUU
10/14/2021,395.53,11854,393.42,395.53,SUU
10/15/2021,399,2755,395.53,399,SUU
10/18/2021,399.75,5769,399,399.75,SUU
10/19/2021,401.49,12155,399.75,401.49,SUU
10/20/2021,401.23,1080,401.49,401.23,SUU
10/21/2021,403.11,2849,401.23,403.11,SUU
10/22/2021,404.73,7743,403.11,404.73,SUU
10/25/2021,402.99,24498,404.73,402.99,SUU
10/26/2021,404.15,6611,402.99,404.15,SUU
10/27/2021,402.71,9339,404.15,402.71,SUU
10/28/2021,402.99,8060,402.71,402.99,SUU
10/29/2021,404,2450,402.99,404,SUU
11/1/2021,403.32,2405,404,403.32,SUU
11/2/2021,400.12,43088,403.32,400.12,SUU
11/3/2021,403.76,11640,400.12,403.76,SUU
11/4/2021,403,5782,403.76,403,SUU
11/8/2021,404,5534,403,404,SUU
11/9/2021,404,1446,404,404,SUU
11/10/2021,402.25,4731,404,402.25,SUU
11/11/2021,403.92,967,402.25,403.92,SUU
11/12/2021,404.5,6312,403.92,404.5,SUU
11/15/2021,403.99,18561,404.5,403.99,SUU
11/16/2021,403.72,5830,403.99,403.72,SUU
11/17/2021,404,16525,403.72,404,SUU
11/18/2021,402.4,2143,404,402.4,SUU
11/19/2021,404.09,9721,402.4,404.09,SUU
11/22/2021,404.41,6390,404.09,404.41,SUU
11/23/2021,403.2,823,404.41,403.2,SUU
11/24/2021,402.95,7119,403.2,402.95,SUU
11/25/2021,404.9,9229,402.95,404.9,SUU
11/29/2021,404.94,10068,404.9,404.94,SUU
11/30/2021,404.9,11522,404.94,404.9,SUU
12/1/2021,404.94,9377,404.9,404.94,SUU
12/2/2021,404.9,3576,404.94,404.9,SUU
12/3/2021,404,5973,404.9,404,SUU
12/6/2021,400.91,6239,404,400.91,SUU
12/7/2021,402,3141,400.91,402,SUU
12/8/2021,402.01,18424,402,402.01,SUU
12/9/2021,404.01,16420,402.01,404.01,SUU
12/10/2021,410,4915,404.01,410,SUU
12/13/2021,414.43,15721,410,414.43,SUU
12/14/2021,432.67,6795,414.43,432.67,SUU
12/15/2021,497.56,3806,432.67,497.56,SUU
12/16/2021,572.19,16571,497.56,572.19,SUU
12/17/2021,624.79,33133,572.19,624.79,SUU
12/20/2021,693.77,23997,624.79,693.77,SUU
12/21/2021,778.81,43871,693.77,778.81,SUU
12/22/2021,760,54657,778.81,760,SUU
12/23/2021,768.99,8310,760,768.99,SUU
12/24/2021,745.66,28062,768.99,745.66,SUU
12/27/2021,710.22,23777,745.66,710.22,SUU
12/28/2021,709.58,6022,710.22,709.58,SUU
12/30/2021,653.6,38668,709.58,653.6,SUU
12/31/2021,591.4,11241,653.6,591.4,SUU
1/3/2022,600,49350,591.4,600,SUU
1/4/2022,599.98,9458,600,599.98,SUU
1/5/2022,600,12943,599.98,600,SUU
1/6/2022,596.14,50370,600,596.14,SUU
1/7/2022,599.8,36326,596.14,599.8,SUU
1/10/2022,599.8,56685,599.8,599.8,SUU
1/11/2022,599.51,17591,599.8,599.51,SUU
1/12/2022,600,10216,599.51,600,SUU
1/13/2022,597.81,11467,600,597.81,SUU
1/14/2022,597.39,6613,597.81,597.39,SUU
1/17/2022,579.23,22318,597.39,579.23,SUU
1/18/2022,561.33,11866,579.23,561.33,SUU
1/19/2022,588.31,14039,561.33,588.31,SUU
1/20/2022,550,6701,588.31,550,SUU
1/21/2022,550.23,16452,550,550.23,SUU
1/24/2022,590.92,5055,550.23,590.92,SUU
1/25/2022,595.98,20462,590.92,595.98,SUU
1/26/2022,587.94,12160,595.98,587.94,SUU
1/27/2022,597.32,19603,587.94,597.32,SUU
1/28/2022,595.19,6104,597.32,595.19,SUU
1/31/2022,596,19592,595.19,596,SUU
2/1/2022,599.49,9951,596,599.49,SUU
2/7/2022,589.81,17714,599.49,589.81,SUU
2/8/2022,602.41,5153,589.81,602.41,SUU
2/9/2022,580.12,7835,602.41,580.12,SUU
2/10/2022,588,5816,580.12,588,SUU
2/11/2022,594.01,3287,588,594.01,SUU
2/14/2022,595.29,4427,594.01,595.29,SUU
2/15/2022,596,3599,595.29,596,SUU
2/16/2022,597.84,11166,596,597.84,SUU
2/18/2022,596.34,5992,597.84,596.34,SUU
2/21/2022,593.81,18015,596.34,593.81,SUU
2/22/2022,594.25,7434,593.81,594.25,SUU
2/23/2022,592.4,10815,594.25,592.4,SUU
2/24/2022,551.59,9278,592.4,551.59,SUU
2/25/2022,550,2354,551.59,550,SUU
2/28/2022,539.94,1810,550,539.94,SUU
3/1/2022,535.9,3165,539.94,535.9,SUU
3/2/2022,535.06,15699,535.9,535.06,SUU
3/3/2022,539,5462,535.06,539,SUU
3/4/2022,531.14,4281,539,531.14,SUU
3/7/2022,530.88,2803,531.14,530.88,SUU
3/9/2022,530,9608,530.88,530,SUU
3/10/2022,503.6,9172,530,503.6,SUU
3/11/2022,530,3546,503.6,530,SUU
3/14/2022,520,4410,530,520,SUU
3/15/2022,503.38,15522,520,503.38,SUU
3/16/2022,513.15,1607,503.38,513.15,SUU
3/17/2022,507.91,3736,513.15,507.91,SUU
3/18/2022,509.04,2445,507.91,509.04,SUU
3/21/2022,514.82,6059,509.04,514.82,SUU
3/22/2022,515.61,1247,514.82,515.61,SUU
3/23/2022,514,1965,515.61,514,SUU
3/24/2022,517.49,2259,514,517.49,SUU
3/25/2022,519.12,5321,517.49,519.12,SUU
3/28/2022,540,3193,519.12,540,SUU
3/29/2022,521.02,2222,540,521.02,SUU
3/30/2022,525.98,1907,521.02,525.98,SUU
3/31/2022,530.95,915,525.98,530.95,SUU
4/1/2022,529.52,2280,530.95,529.52,SUU
4/4/2022,540.61,3601,529.52,540.61,SUU
4/5/2022,555.04,10495,540.61,555.04,SUU
4/6/2022,580,1075,555.04,580,SUU
4/7/2022,581.01,4131,580,581.01,SUU
4/8/2022,569.97,7066,581.01,569.97,SUU
4/11/2022,561.55,10043,569.97,561.55,SUU
4/12/2022,560,2453,561.55,560,SUU
4/13/2022,556.95,5968,560,556.95,SUU
4/14/2022,535.59,789,556.95,535.59,SUU
4/15/2022,559.5,2277,535.59,559.5,SUU
4/18/2022,535.07,5593,559.5,535.07,SUU
4/19/2022,533.97,1763,535.07,533.97,SUU
4/20/2022,530.51,5709,533.97,530.51,SUU
4/21/2022,530,1329,530.51,530,SUU
4/22/2022,530,2940,530,530,SUU
4/25/2022,531,848,530,531,SUU
4/26/2022,539.01,712,531,539.01,SUU
4/27/2022,548.09,2953,539.01,548.09,SUU
4/28/2022,547,2217,548.09,547,SUU
4/29/2022,550,662,547,550,SUU
5/2/2022,546.94,5324,550,546.94,SUU
5/3/2022,546.21,3469,546.94,546.21,SUU
5/4/2022,542.62,2311,546.21,542.62,SUU
5/5/2022,561,1116,542.62,561,SUU
5/6/2022,561.93,12029,561,561.93,SUU
5/9/2022,560.76,4457,561.93,560.76,SUU
5/10/2022,562,8862,560.76,562,SUU
5/11/2022,562,4397,562,562,SUU
5/12/2022,560,4474,562,560,SUU
5/13/2022,550,405,560,550,SUU
5/16/2022,548.82,839,550,548.82,SUU
5/17/2022,561.95,2451,548.82,561.95,SUU
5/18/2022,561.35,1120,561.95,561.35,SUU
5/19/2022,562,1276,561.35,562,SUU
5/20/2022,560,2083,562,560,SUU
5/23/2022,559.49,845,560,559.49,SUU
5/24/2022,542.58,459,559.49,542.58,SUU
5/25/2022,542,2509,542.58,542,SUU
5/26/2022,541,4075,542,541,SUU
5/27/2022,540.82,1393,541,540.82,SUU
5/30/2022,540.82,1902,540.82,540.82,SUU
5/31/2022,539.91,4866,540.82,539.91,SUU
6/2/2022,530.24,6514,539.91,530.24,SUU
6/3/2022,523.2,1012,530.24,523.2,SUU
6/6/2022,544,1246,523.2,544,SUU
6/7/2022,544,3732,544,544,SUU
6/8/2022,544,830,544,544,SUU
6/9/2022,510.93,8222,544,510.93,SUU
6/10/2022,518.09,2022,510.93,518.09,SUU
6/13/2022,510.58,8129,518.09,510.58,SUU
6/15/2022,516.82,2762,510.58,516.82,SUU
6/16/2022,516.2,677,516.82,516.2,SUU
6/17/2022,521.14,1354,516.2,521.14,SUU
6/20/2022,522.75,3575,521.14,522.75,SUU
6/21/2022,522.01,3816,522.75,522.01,SUU
6/22/2022,522.5,1564,522.01,522.5,SUU
6/23/2022,515.1,914,522.5,515.1,SUU
6/24/2022,522.42,2187,515.1,522.42,SUU
6/27/2022,520.01,3227,522.42,520.01,SUU
6/28/2022,522.71,316,520.01,522.71,SUU
6/29/2022,522.85,532,522.71,522.85,SUU
6/30/2022,520.61,424,522.85,520.61,SUU
7/1/2022,517.21,1261,520.61,517.21,SUU
7/4/2022,514.95,3256,517.21,514.95,SUU
7/5/2022,515,724,514.95,515,SUU
7/6/2022,509.21,4264,515,509.21,SUU
7/7/2022,514.27,730,509.21,514.27,SUU
7/8/2022,515,419,514.27,515,SUU
7/18/2022,514,1057,515,514,SUU
7/19/2022,510.04,2005,514,510.04,SUU
7/20/2022,513.13,791,510.04,513.13,SUU
7/21/2022,515,1592,513.13,515,SUU
7/22/2022,515,1732,515,515,SUU
7/25/2022,510.94,5769,515,510.94,SUU
7/26/2022,471.64,19973,510.94,471.64,SUU
7/27/2022,500.97,7445,471.64,500.97,SUU
7/28/2022,480.03,14429,500.97,480.03,SUU
7/29/2022,493.19,1399,480.03,493.19,SUU
8/1/2022,502.96,3462,493.19,502.96,SUU
8/2/2022,492.96,6921,502.96,492.96,SUU
8/3/2022,498.84,1701,492.96,498.84,SUU
8/4/2022,497.93,945,498.84,497.93,SUU
8/5/2022,501,4381,497.93,501,SUU
8/8/2022,491.27,7169,501,491.27,SUU
8/9/2022,500,2091,491.27,500,SUU
8/10/2022,500.01,7920,500,500.01,SUU
8/11/2022,500,2714,500.01,500,SUU
8/12/2022,499,2498,500,499,SUU
8/15/2022,493.38,13651,499,493.38,SUU
8/16/2022,503.79,1556,493.38,503.79,SUU
8/17/2022,501.23,258,503.79,501.23,SUU
8/18/2022,501,2660,501.23,501,SUU
8/19/2022,501,44,501,501,SUU
8/22/2022,500.96,1393,501,500.96,SUU
8/23/2022,500.01,2764,500.96,500.01,SUU
8/24/2022,497.97,1398,500.01,497.97,SUU
8/25/2022,500,1151,497.97,500,SUU
8/26/2022,484.9,6301,500,484.9,SUU
8/29/2022,484.22,3852,484.9,484.22,SUU
8/30/2022,490,759,484.22,490,SUU
8/31/2022,491.68,1706,490,491.68,SUU
9/1/2022,490,2395,491.68,490,SUU
9/2/2022,490,3874,490,490,SUU
9/5/2022,488,4206,490,488,SUU
9/6/2022,500,16598,488,500,SUU
9/7/2022,490.66,2735,500,490.66,SUU
9/8/2022,500,4525,490.66,500,SUU
9/9/2022,499.04,1143,500,499.04,SUU
9/12/2022,473.86,7355,499.04,473.86,SUU
9/13/2022,500,5156,473.86,500,SUU
9/14/2022,500,2056,500,500,SUU
9/15/2022,497.24,2527,500,497.24,SUU
9/16/2022,479.52,2233,497.24,479.52,SUU
9/19/2022,478,1633,479.52,478,SUU
9/20/2022,460.03,6050,478,460.03,SUU
9/21/2022,477,2517,460.03,477,SUU
9/22/2022,470.77,2120,477,470.77,SUU
9/23/2022,477.82,47481,470.77,477.82,SUU
9/26/2022,492.08,13361,477.82,492.08,SUU
9/27/2022,490,3178,492.08,490,SUU
9/28/2022,487.19,8842,490,487.19,SUU
9/29/2022,485,7384,487.19,485,SUU
9/30/2022,485,3267,485,485,SUU
10/3/2022,483.77,1395,485,483.77,SUU
10/4/2022,487.31,3158,483.77,487.31,SUU
10/5/2022,478.92,3408,487.31,478.92,SUU
10/6/2022,478.2,2420,478.92,478.2,SUU
10/7/2022,480,2804,478.2,480,SUU
10/10/2022,465.44,3600,480,465.44,SUU
10/11/2022,479,682,465.44,479,SUU
10/12/2022,480,3599,479,480,SUU
10/13/2022,478.33,2908,480,478.33,SUU
10/14/2022,480,3161,478.33,480,SUU
10/17/2022,476.48,1451,480,476.48,SUU
10/18/2022,465.96,3335,476.48,465.96,SUU
10/19/2022,465.1,1898,465.96,465.1,SUU
10/20/2022,464.09,5060,465.1,464.09,SUU
10/21/2022,464.88,270,464.09,464.88,SUU
10/24/2022,465,226,464.88,465,SUU
10/25/2022,465,2204,465,465,SUU
10/26/2022,462.01,4494,465,462.01,SUU
10/27/2022,466,1179,462.01,466,SUU
10/28/2022,465.99,3088,466,465.99,SUU
10/31/2022,465.99,3047,465.99,465.99,SUU
11/1/2022,461,5157,465.99,461,SUU
11/2/2022,465.05,932,461,465.05,SUU
11/3/2022,465,813,465.05,465,SUU
11/4/2022,460.16,3209,465,460.16,SUU
11/7/2022,465,3840,460.16,465,SUU
11/8/2022,460.8,1224,465,460.8,SUU
11/9/2022,465.01,1312,460.8,465.01,SUU
11/10/2022,460,2775,465.01,460,SUU
11/11/2022,457.57,2660,460,457.57,SUU
11/14/2022,460,2537,457.57,460,SUU
11/15/2022,462.54,295,460,462.54,SUU
11/16/2022,458.66,3300,462.54,458.66,SUU
11/17/2022,467.84,8429,458.66,467.84,SUU
11/18/2022,470,800,467.84,470,SUU
11/21/2022,470,1482,470,470,SUU
11/22/2022,478,921,470,478,SUU
11/23/2022,478.1,261,478,478.1,SUU
11/25/2022,464.85,4923,478.1,464.85,SUU
11/28/2022,460.96,963,464.85,460.96,SUU
11/29/2022,451.02,4140,460.96,451.02,SUU
11/30/2022,449,3707,451.02,449,SUU
12/1/2022,444,952,449,444,SUU
12/2/2022,454,1869,444,454,SUU
12/5/2022,465,114,454,465,SUU
12/6/2022,463.99,4019,465,463.99,SUU
12/7/2022,460.64,5286,463.99,460.64,SUU
12/8/2022,468.98,6846,460.64,468.98,SUU
12/9/2022,470,7162,468.98,470,SUU
12/12/2022,470,963,470,470,SUU
12/13/2022,468.67,4317,470,468.67,SUU
12/14/2022,469,1305,468.67,469,SUU
12/15/2022,469,2680,469,469,SUU
12/16/2022,470,2981,469,470,SUU
12/19/2022,470,1138,470,470,SUU
12/20/2022,470,6056,470,470,SUU
12/21/2022,470,3167,470,470,SUU
12/22/2022,465.8,980,470,465.8,SUU
12/23/2022,465.45,973,465.8,465.45,SUU
12/26/2022,468,1725,465.45,468,SUU
12/27/2022,469.1,847,468,469.1,SUU
12/28/2022,472.35,181,469.1,472.35,SUU
12/30/2022,473.25,3307,472.35,473.25,SUU
1/2/2023,474.04,4803,473.25,474.04,SUU
1/3/2023,490.93,1992,474.04,490.93,SUU
1/4/2023,504,165,490.93,504,SUU
1/5/2023,498.83,1888,504,498.83,SUU
1/6/2023,492.76,1233,498.83,492.76,SUU
1/9/2023,499.16,1796,492.76,499.16,SUU
1/10/2023,500.06,3911,499.16,500.06,SUU
1/11/2023,501.18,11960,500.06,501.18,SUU
1/12/2023,501,2483,501.18,501,SUU
1/13/2023,502.54,8660,501,502.54,SUU
1/16/2023,500,3676,502.54,500,SUU
1/17/2023,495.45,2623,500,495.45,SUU
1/18/2023,498.44,1155,495.45,498.44,SUU
1/19/2023,498.47,3148,498.44,498.47,SUU
1/20/2023,498.41,1998,498.47,498.41,SUU
1/23/2023,491.19,3339,498.41,491.19,SUU
1/24/2023,491.32,585,491.19,491.32,SUU
1/25/2023,492.73,2560,491.32,492.73,SUU
1/26/2023,493.99,1748,492.73,493.99,SUU
1/27/2023,498.98,3208,493.99,498.98,SUU
1/30/2023,499,1922,498.98,499,SUU
1/31/2023,489.17,8243,499,489.17,SUU
2/1/2023,454.8,6325,489.17,454.8,SUU
2/2/2023,455.47,5468,454.8,455.47,SUU
2/3/2023,465,6277,455.47,465,SUU
2/6/2023,484,3184,465,484,SUU
2/7/2023,473.2,4852,484,473.2,SUU
2/8/2023,470.95,4233,473.2,470.95,SUU
2/9/2023,479.9,692,470.95,479.9,SUU
2/10/2023,479.95,1965,479.9,479.95,SUU
2/13/2023,478.98,4215,479.95,478.98,SUU
2/14/2023,470,4270,478.98,470,SUU
2/15/2023,477.25,894,470,477.25,SUU
2/16/2023,475,1387,477.25,475,SUU
2/17/2023,475.95,1559,475,475.95,SUU
2/20/2023,475.49,2524,475.95,475.49,SUU
2/24/2023,475.56,1763,475.49,475.56,SUU
2/27/2023,472.22,5611,475.56,472.22,SUU
2/28/2023,465.15,8141,472.22,465.15,SUU
3/1/2023,468.38,860,465.15,468.38,SUU
3/2/2023,465,3136,468.38,465,SUU
3/3/2023,465.42,3187,465,465.42,SUU
3/6/2023,465.36,2910,465.42,465.36,SUU
3/7/2023,466.52,2631,465.36,466.52,SUU
3/9/2023,466.97,6521,466.52,466.97,SUU
3/10/2023,464.96,1828,466.97,464.96,SUU
3/13/2023,464.35,6879,464.96,464.35,SUU
3/14/2023,461.79,3433,464.35,461.79,SUU
3/15/2023,459.61,2253,461.79,459.61,SUU
3/16/2023,455.06,5309,459.61,455.06,SUU
3/17/2023,452.64,4609,455.06,452.64,SUU
3/20/2023,450,10844,452.64,450,SUU
3/21/2023,449.97,5306,450,449.97,SUU
3/22/2023,450.2,6863,449.97,450.2,SUU
3/23/2023,447,1856,450.2,447,SUU
3/24/2023,447.55,860,447,447.55,SUU
3/27/2023,445.23,6432,447.55,445.23,SUU
3/28/2023,435,3153,445.23,435,SUU
3/29/2023,434.79,3070,435,434.79,SUU
3/30/2023,425,1275,434.79,425,SUU
3/31/2023,419.73,1487,425,419.73,SUU
4/3/2023,419.02,16776,419.73,419.02,SUU
4/4/2023,415,36454,419.02,415,SUU
4/5/2023,391.23,11507,415,391.23,SUU
4/6/2023,388.97,2568,391.23,388.97,SUU
4/7/2023,390,1102,388.97,390,SUU
4/10/2023,374.64,5364,390,374.64,SUU
4/11/2023,372.49,2940,374.64,372.49,SUU
4/12/2023,370,3464,372.49,370,SUU
4/13/2023,368.45,9224,370,368.45,SUU
4/14/2023,373.07,7592,368.45,373.07,SUU
4/17/2023,366.3,9202,373.07,366.3,SUU
4/18/2023,366,6471,366.3,366,SUU
4/19/2023,385.4,38190,366,385.4,SUU
4/20/2023,415.23,9025,385.4,415.23,SUU
4/21/2023,423.33,11598,415.23,423.33,SUU
4/24/2023,437.78,539,423.33,437.78,SUU
4/25/2023,438,962,437.78,438,SUU
4/26/2023,438,3331,438,438,SUU
4/27/2023,425,594,438,425,SUU
4/28/2023,438,1101,425,438,SUU
5/1/2023,426.53,4573,438,426.53,SUU
5/2/2023,430,2819,426.53,430,SUU
5/3/2023,429.43,3917,430,429.43,SUU
5/4/2023,430,4369,429.43,430,SUU
5/5/2023,434.9,3037,430,434.9,SUU
5/8/2023,434.89,1435,434.9,434.89,SUU
5/9/2023,431.28,3022,434.89,431.28,SUU
5/10/2023,425.32,2042,431.28,425.32,SUU
5/11/2023,431.61,469,425.32,431.61,SUU
5/12/2023,431.02,2410,431.61,431.02,SUU
5/15/2023,431,1512,431.02,431,SUU
5/16/2023,424.09,14861,431,424.09,SUU
5/17/2023,421.68,719,424.09,421.68,SUU
5/18/2023,429.38,2696,421.68,429.38,SUU
5/19/2023,423.36,3375,429.38,423.36,SUU
5/22/2023,434.99,2166,423.36,434.99,SUU
5/23/2023,430,12949,434.99,430,SUU
5/24/2023,429.38,1478,430,429.38,SUU
5/25/2023,429.44,2351,429.38,429.44,SUU
5/26/2023,392.02,3157,429.44,392.02,SUU
5/29/2023,410,3847,392.02,410,SUU
5/30/2023,406.28,2561,410,406.28,SUU
5/31/2023,405.92,1519,406.28,405.92,SUU
6/2/2023,409.36,3886,405.92,409.36,SUU
6/5/2023,429,2947,409.36,429,SUU
6/6/2023,429,410,429,429,SUU
6/7/2023,428.88,2103,429,428.88,SUU
6/8/2023,427.99,486,428.88,427.99,SUU
6/9/2023,427,2154,427.99,427,SUU
6/12/2023,426.91,1063,427,426.91,SUU
6/13/2023,416.98,1171,426.91,416.98,SUU
6/14/2023,410,4024,416.98,410,SUU
6/15/2023,410,7169,410,410,SUU
6/16/2023,403.59,6302,410,403.59,SUU
6/19/2023,400.64,2138,403.59,400.64,SUU
6/20/2023,400,3694,400.64,400,SUU
6/21/2023,404,589,400,404,SUU
6/22/2023,404,1137,404,404,SUU
6/23/2023,404,1087,404,404,SUU
6/26/2023,399.75,2580,404,399.75,SUU
6/27/2023,400.7,2830,399.75,400.7,SUU
6/28/2023,394.11,6958,400.7,394.11,SUU
6/29/2023,394,4227,394.11,394,SUU
6/30/2023,391.21,3035,394,391.21,SUU
7/3/2023,390,4480,391.21,390,SUU
7/4/2023,379.94,1515,390,379.94,SUU
7/5/2023,378.99,4959,379.94,378.99,SUU
7/6/2023,380.4,1251,378.99,380.4,SUU
7/7/2023,389.99,146,380.4,389.99,SUU
7/17/2023,390,4023,389.99,390,SUU
7/18/2023,390,2007,390,390,SUU
7/19/2023,390,1342,390,390,SUU
7/20/2023,390,1138,390,390,SUU
7/21/2023,389.99,1336,390,389.99,SUU
7/24/2023,394,797,389.99,394,SUU
7/25/2023,394,91,394,394,SUU
7/26/2023,396,14830,394,396,SUU
7/27/2023,396.89,4008,396,396.89,SUU
7/28/2023,397.28,2276,396.89,397.28,SUU
7/31/2023,402.87,996,397.28,402.87,SUU
8/1/2023,392.01,1137,402.87,392.01,SUU
8/2/2023,393.59,4775,392.01,393.59,SUU
8/3/2023,400,1213,393.59,400,SUU
8/4/2023,395,1692,400,395,SUU
8/7/2023,395,4877,395,395,SUU
8/8/2023,396.65,2205,395,396.65,SUU
8/9/2023,391,1532,396.65,391,SUU
8/10/2023,390.16,705,391,390.16,SUU
8/11/2023,389.96,5014,390.16,389.96,SUU
8/14/2023,387,968,389.96,387,SUU
8/15/2023,389.45,4070,387,389.45,SUU
8/16/2023,389.57,662,389.45,389.57,SUU
8/17/2023,390.41,13406,389.57,390.41,SUU
8/18/2023,390,863,390.41,390,SUU
8/21/2023,389,2588,390,389,SUU
8/22/2023,389,4512,389,389,SUU
8/23/2023,392,10481,389,392,SUU
8/24/2023,390.35,5864,392,390.35,SUU
8/25/2023,389.98,1752,390.35,389.98,SUU
8/28/2023,389.02,964,389.98,389.02,SUU
8/29/2023,390,3521,389.02,390,SUU
8/30/2023,390.31,1016,390,390.31,SUU
8/31/2023,368.87,10793,390.31,368.87,SUU
9/1/2023,390.52,3654,368.87,390.52,SUU
9/4/2023,389.99,1041,390.52,389.99,SUU
9/5/2023,376.3,4482,389.99,376.3,SUU
9/6/2023,364.95,3987,376.3,364.95,SUU
9/7/2023,390.52,10185,364.95,390.52,SUU
9/11/2023,385,585,390.52,385,SUU
9/12/2023,375.43,1049,385,375.43,SUU
9/13/2023,360.92,22911,375.43,360.92,SUU
9/14/2023,368.9,2419,360.92,368.9,SUU
9/15/2023,361.05,4769,368.9,361.05,SUU
9/18/2023,375.63,3801,361.05,375.63,SUU
9/19/2023,361.56,1221,375.63,361.56,SUU
9/20/2023,368.84,1331,361.56,368.84,SUU
9/21/2023,350.73,170466,368.84,350.73,SUU
9/22/2023,368.84,1331,350.73,368.84,SUU
9/25/2023,368,2468,368.84,368,SUU
9/26/2023,365,112,368,365,SUU
9/27/2023,364,3851,365,364,SUU
9/28/2023,368.74,1232,364,368.74,SUU
9/29/2023,368,597,368.74,368,SUU
10/2/2023,342.25,20706,368,342.25,SUU
10/3/2023,366.2,1779,342.25,366.2,SUU
10/4/2023,367,462,366.2,367,SUU
10/5/2023,366.27,392,367,366.27,SUU
10/6/2023,358.19,3295,366.27,358.19,SUU
10/9/2023,360,1624,358.19,360,SUU
10/10/2023,364.14,802,360,364.14,SUU
10/11/2023,353.14,3553,364.14,353.14,SUU
10/12/2023,363.86,311,353.14,363.86,SUU
10/13/2023,364,673,363.86,364,SUU
10/16/2023,360.55,1443,364,360.55,SUU
10/17/2023,352.2,7777,360.55,352.2,SUU
10/18/2023,352.31,354,352.2,352.31,SUU
10/19/2023,353.46,3679,352.31,353.46,SUU
10/20/2023,363,249,353.46,363,SUU
10/23/2023,364.5,3123,363,364.5,SUU
10/24/2023,360,2471,364.5,360,SUU
10/25/2023,354.38,696,360,354.38,SUU
10/26/2023,364.99,167,354.38,364.99,SUU
10/27/2023,360,1026,364.99,360,SUU
10/30/2023,364.78,1176,360,364.78,SUU
10/31/2023,364,2230,364.78,364,SUU
11/1/2023,364.5,540,364,364.5,SUU
11/2/2023,364.8,200,364.5,364.8,SUU
11/3/2023,364,133,364.8,364,SUU
11/6/2023,364,921,364,364,SUU
11/7/2023,364.9,1987,364,364.9,SUU
11/8/2023,364.92,3298,364.9,364.92,SUU
11/9/2023,364.14,2426,364.92,364.14,SUU
11/10/2023,364.98,1632,364.14,364.98,SUU
11/13/2023,364.34,776,364.98,364.34,SUU
11/15/2023,363.32,1917,364.34,363.32,SUU
11/16/2023,360.1,1552,363.32,360.1,SUU
11/17/2023,363.4,250,360.1,363.4,SUU
11/20/2023,363.5,5688,363.4,363.5,SUU
11/21/2023,363.8,2689,363.5,363.8,SUU
11/22/2023,363.8,1072,363.8,363.8,SUU
11/23/2023,363.81,3100,363.8,363.81,SUU
11/24/2023,364.9,778,363.81,364.9,SUU
11/27/2023,363.8,3125,364.9,363.8,SUU
11/28/2023,363.48,2010,363.8,363.48,SUU
11/29/2023,364.99,451,363.48,364.99,SUU
